Route, Percentage Used, Percentage Unused1,9.090909090909092,90.9090909090909
2,18.181818181818183,81.81818181818183
3,18.181818181818183,81.81818181818183
