Route, Percentage Used, Percentage Unused1,31.818181818181817,68.18181818181817
2,31.818181818181817,68.18181818181817
3,27.27272727272727,72.72727272727273
