Route, Percentage Used, Percentage Unused1,22.727272727272727,77.27272727272727
2,45.45454545454545,54.54545454545454
3,18.181818181818183,81.81818181818183
