Route, Percentage Used, Percentage Unused1,27.27272727272727,72.72727272727273
2,40.909090909090914,59.09090909090909
3,36.36363636363637,63.63636363636363
4,13.636363636363635,86.36363636363636
5,13.636363636363635,86.36363636363636
6,18.181818181818183,81.81818181818183
7,22.727272727272727,77.27272727272727
