Route, Percentage Used, Percentage Unused1,31.818181818181817,68.18181818181817
2,31.818181818181817,68.18181818181817
3,27.27272727272727,72.72727272727273
4,36.36363636363637,63.63636363636363
5,31.818181818181817,68.18181818181817
6,22.727272727272727,77.27272727272727
7,36.36363636363637,63.63636363636363
